{
  "race_id": 0,
  "feature_cols": [
    "gt_min",
    "dmg_per_min",
    "ekills_per_min",
    "edeaths_per_min",
    "pcap_per_min",
    "plost_per_min",
    "cap_pressure_per_min",
    "cap_eff",
    "fuelearn_per_min",
    "manearn_per_min",
    "munearn_per_min",
    "sqprod_per_min",
    "sqlost_per_min",
    "sqkilled_per_min",
    "man_spend_ratio",
    "mun_spend_ratio",
    "fuel_spend_ratio",
    "trade_eff_kd",
    "dmg_per_kill",
    "dmg_per_death",
    "dmg_per_man",
    "kills_per_man",
    "dmg_per_fuel",
    "squad_loss_ratio",
    "squad_net_ratio",
    "utypes",
    "upg",
    "abil",
    "cabil",
    "bprod",
    "blost",
    "vkill_per_min",
    "vlost_per_min",
    "vkill_per_fuel",
    "vloss_per_fuel",
    "man_float_ratio",
    "mun_float_ratio",
    "fuel_float_ratio",
    "svetxp_per_min",
    "vvetxp_per_min",
    "svetrank",
    "vvetrank"
  ],
  "scaler_mean": [
    23.308753967285156,
    581.8382568359375,
    2.999851703643799,
    2.8131794929504395,
    0.5780771970748901,
    0.35082554817199707,
    0.9289029240608215,
    0.566139280796051,
    24.314599990844727,
    242.2987060546875,
    37.892913818359375,
    0.596857488155365,
    0.27042874693870544,
    0.24680466949939728,
    0.982170045375824,
    0.733746349811554,
    0.7366159558296204,
    1.3044424057006836,
    201.34158325195312,
    227.00318908691406,
    2.4921016693115234,
    0.012676808051764965,
    36.050777435302734,
    0.4718101918697357,
    0.4370529353618622,
    7.849112510681152,
    8.543571472167969,
    58.403175354003906,
    2.64685320854187,
    17.73668670654297,
    0.9268423914909363,
    0.11478307098150253,
    0.12782596051692963,
    0.0066070035099983215,
    0.009149719960987568,
    0.18637695908546448,
    0.3620184361934662,
    0.438883900642395,
    133.46343994140625,
    238.8562469482422,
    2.948359251022339,
    10.319526672363281
  ],
  "scaler_std": [
    13.816844940185547,
    273.9650573730469,
    1.2606369256973267,
    1.1457128524780273,
    0.49988868832588196,
    0.3455406129360199,
    0.8070383071899414,
    0.09844811260700226,
    5.7405853271484375,
    28.142545700073242,
    7.808730602264404,
    0.2198987603187561,
    0.2084682583808899,
    0.18637606501579285,
    0.09935582429170609,
    0.2392524629831314,
    0.19734805822372437,
    1.6292985677719116,
    90.59420013427734,
    156.0522918701172,
    1.349189043045044,
    0.005756121128797531,
    40.253196716308594,
    0.34892651438713074,
    0.326781690120697,
    2.9041731357574463,
    4.972559928894043,
    71.82246398925781,
    3.8251900672912598,
    4.806277751922607,
    1.6396828889846802,
    0.10488393157720566,
    0.11010754853487015,
    0.01783052831888199,
    0.050220150500535965,
    0.11332619935274124,
    0.2131725549697876,
    0.20537853240966797,
    147.62086486816406,
    113.68645477294922,
    3.6741080284118652,
    6.643759250640869
  ],
  "history": [
    {
      "epoch": 1,
      "auc": 0.9304808619538609,
      "acc": 0.8612903225806452,
      "f1": 0.8687690742624619
    },
    {
      "epoch": 2,
      "auc": 0.9380609747051406,
      "acc": 0.8623655913978494,
      "f1": 0.8669438669438669
    },
    {
      "epoch": 3,
      "auc": 0.9490834322379647,
      "acc": 0.878494623655914,
      "f1": 0.882414151925078
    },
    {
      "epoch": 4,
      "auc": 0.9567400415399451,
      "acc": 0.878494623655914,
      "f1": 0.8819226750261233
    },
    {
      "epoch": 5,
      "auc": 0.9610423929975521,
      "acc": 0.8903225806451613,
      "f1": 0.8946280991735537
    },
    {
      "epoch": 6,
      "auc": 0.9623312439729991,
      "acc": 0.8903225806451613,
      "f1": 0.893970893970894
    },
    {
      "epoch": 7,
      "auc": 0.9637359988131444,
      "acc": 0.8935483870967742,
      "f1": 0.8969823100936525
    },
    {
      "epoch": 8,
      "auc": 0.9647234997403753,
      "acc": 0.8978494623655914,
      "f1": 0.9007314524555904
    },
    {
      "epoch": 9,
      "auc": 0.9655765521845561,
      "acc": 0.8989247311827957,
      "f1": 0.9020833333333333
    },
    {
      "epoch": 10,
      "auc": 0.9652149321266968,
      "acc": 0.896774193548387,
      "f1": 0.8997912317327766
    },
    {
      "epoch": 11,
      "auc": 0.9664110600103851,
      "acc": 0.8978494623655914,
      "f1": 0.9009384775808134
    },
    {
      "epoch": 12,
      "auc": 0.9660401676433499,
      "acc": 0.8978494623655914,
      "f1": 0.9017580144777663
    },
    {
      "epoch": 13,
      "auc": 0.9669303093242342,
      "acc": 0.8989247311827957,
      "f1": 0.9026915113871635
    },
    {
      "epoch": 14,
      "auc": 0.9670972108893998,
      "acc": 0.9,
      "f1": 0.9040247678018576
    },
    {
      "epoch": 15,
      "auc": 0.9668839477783547,
      "acc": 0.9,
      "f1": 0.9038262668045501
    },
    {
      "epoch": 16,
      "auc": 0.9667263185223649,
      "acc": 0.896774193548387,
      "f1": 0.9004149377593361
    },
    {
      "epoch": 17,
      "auc": 0.967009123952229,
      "acc": 0.9021505376344086,
      "f1": 0.9062821833161689
    },
    {
      "epoch": 18,
      "auc": 0.9680986202803945,
      "acc": 0.8989247311827957,
      "f1": 0.9028925619834711
    },
    {
      "epoch": 19,
      "auc": 0.9684324234107262,
      "acc": 0.8946236559139785,
      "f1": 0.897489539748954
    },
    {
      "epoch": 20,
      "auc": 0.9678250871597063,
      "acc": 0.9021505376344086,
      "f1": 0.905894519131334
    }
  ],
  "best_auc": 0.9684324234107262,
  "config": {
    "data_glob": "data/players/*.jsonl",
    "out_dir": "models/task2_calib",
    "min_gt_min": 3.0,
    "use_vkill_features": true,
    "use_vet_features": true,
    "use_resource_float_features": true,
    "hidden_sizes": [
      256,
      128
    ],
    "dropout": 0.2,
    "epochs": 20,
    "batch_size": 512,
    "lr": 0.001,
    "weight_decay": 0.0001,
    "seed": 42,
    "test_size": 0.2,
    "device": "cuda"
  }
}