{
  "race_id": 2,
  "feature_cols": [
    "gt_min",
    "dmg_per_min",
    "ekills_per_min",
    "edeaths_per_min",
    "pcap_per_min",
    "plost_per_min",
    "cap_pressure_per_min",
    "cap_eff",
    "fuelearn_per_min",
    "manearn_per_min",
    "munearn_per_min",
    "sqprod_per_min",
    "sqlost_per_min",
    "sqkilled_per_min",
    "man_spend_ratio",
    "mun_spend_ratio",
    "fuel_spend_ratio",
    "trade_eff_kd",
    "dmg_per_kill",
    "dmg_per_death",
    "dmg_per_man",
    "kills_per_man",
    "dmg_per_fuel",
    "squad_loss_ratio",
    "squad_net_ratio",
    "utypes",
    "upg",
    "abil",
    "cabil",
    "bprod",
    "blost",
    "vkill_per_min",
    "vlost_per_min",
    "vkill_per_fuel",
    "vloss_per_fuel",
    "man_float_ratio",
    "mun_float_ratio",
    "fuel_float_ratio",
    "svetxp_per_min",
    "vvetxp_per_min",
    "svetrank",
    "vvetrank"
  ],
  "scaler_mean": [
    23.800180435180664,
    613.48046875,
    3.0264017581939697,
    2.967761516571045,
    0.6229320764541626,
    0.3940906226634979,
    1.0170214176177979,
    0.5623924732208252,
    24.082983016967773,
    242.71458435058594,
    37.90910339355469,
    0.6647630333900452,
    0.22946442663669586,
    0.24885988235473633,
    0.9550014138221741,
    0.7310905456542969,
    0.7137346863746643,
    1.2022461891174316,
    209.52874755859375,
    223.7838897705078,
    2.6227664947509766,
    0.012782742269337177,
    45.788780212402344,
    0.36492154002189636,
    0.554465651512146,
    8.842427253723145,
    8.343299865722656,
    57.50785827636719,
    2.2304670810699463,
    13.770624160766602,
    1.158009648323059,
    0.1175370067358017,
    0.12828491628170013,
    0.007552988361567259,
    0.011467190459370613,
    0.18314708769321442,
    0.3733564615249634,
    0.4267256259918213,
    190.88357543945312,
    259.44610595703125,
    4.5731120109558105,
    9.715408325195312
  ],
  "scaler_std": [
    14.031332015991211,
    282.4748229980469,
    1.238566279411316,
    1.1682381629943848,
    0.5092054009437561,
    0.35723578929901123,
    0.8280153870582581,
    0.08993402868509293,
    5.327513694763184,
    24.68198013305664,
    7.281755447387695,
    0.22714067995548248,
    0.18167097866535187,
    0.1930360198020935,
    0.09234342724084854,
    0.2372772991657257,
    0.20347703993320465,
    1.0230433940887451,
    92.3628921508789,
    130.7255096435547,
    1.3903560638427734,
    0.005722023081034422,
    111.04776763916016,
    0.28509753942489624,
    0.26696068048477173,
    2.99825382232666,
    4.460089683532715,
    56.71675491333008,
    2.8140556812286377,
    3.1782386302948,
    1.8860772848129272,
    0.11197968572378159,
    0.11151541769504547,
    0.033572059124708176,
    0.08503133058547974,
    0.11139053106307983,
    0.20997606217861176,
    0.18442797660827637,
    172.07728576660156,
    134.5404815673828,
    4.338792324066162,
    6.210920810699463
  ],
  "history": [
    {
      "epoch": 1,
      "auc": 0.9287076892975934,
      "acc": 0.8542757417102966,
      "f1": 0.8673550436854647
    },
    {
      "epoch": 2,
      "auc": 0.9370322588534533,
      "acc": 0.8664921465968587,
      "f1": 0.874487284659557
    },
    {
      "epoch": 3,
      "auc": 0.9445436313832908,
      "acc": 0.8717277486910995,
      "f1": 0.8813559322033898
    },
    {
      "epoch": 4,
      "auc": 0.9488511299158677,
      "acc": 0.8760907504363001,
      "f1": 0.8824503311258278
    },
    {
      "epoch": 5,
      "auc": 0.9527398014087263,
      "acc": 0.8769633507853403,
      "f1": 0.8848979591836734
    },
    {
      "epoch": 6,
      "auc": 0.9538892829191938,
      "acc": 0.8856893542757417,
      "f1": 0.8934092758340114
    },
    {
      "epoch": 7,
      "auc": 0.9559742467227548,
      "acc": 0.8856893542757417,
      "f1": 0.891645988420182
    },
    {
      "epoch": 8,
      "auc": 0.9575303267462336,
      "acc": 0.8926701570680629,
      "f1": 0.9000812347684809
    },
    {
      "epoch": 9,
      "auc": 0.9580500391312855,
      "acc": 0.8926701570680629,
      "f1": 0.8982630272952854
    },
    {
      "epoch": 10,
      "auc": 0.9585850371747212,
      "acc": 0.8856893542757417,
      "f1": 0.8952837729816147
    },
    {
      "epoch": 11,
      "auc": 0.9586431226765799,
      "acc": 0.8917975567190227,
      "f1": 0.8975206611570248
    },
    {
      "epoch": 12,
      "auc": 0.9599699178243006,
      "acc": 0.8917975567190227,
      "f1": 0.8988580750407831
    },
    {
      "epoch": 13,
      "auc": 0.9596978331050675,
      "acc": 0.8926701570680629,
      "f1": 0.8990976210008204
    },
    {
      "epoch": 14,
      "auc": 0.9598506896889062,
      "acc": 0.8987783595113438,
      "f1": 0.9053833605220228
    },
    {
      "epoch": 15,
      "auc": 0.9607739434552925,
      "acc": 0.8970331588132635,
      "f1": 0.90311986863711
    },
    {
      "epoch": 16,
      "auc": 0.9607861719819997,
      "acc": 0.8961605584642234,
      "f1": 0.9030154849225754
    },
    {
      "epoch": 17,
      "auc": 0.9611683134415966,
      "acc": 0.8961605584642234,
      "f1": 0.902698282910875
    },
    {
      "epoch": 18,
      "auc": 0.9611713705732733,
      "acc": 0.8979057591623036,
      "f1": 0.9041769041769042
    },
    {
      "epoch": 19,
      "auc": 0.9609543142242223,
      "acc": 0.8970331588132635,
      "f1": 0.90311986863711
    },
    {
      "epoch": 20,
      "auc": 0.9614923693993347,
      "acc": 0.893542757417103,
      "f1": 0.9
    }
  ],
  "best_auc": 0.9614923693993347,
  "config": {
    "data_glob": "data/players/*.jsonl",
    "out_dir": "models/task2_calib",
    "min_gt_min": 3.0,
    "use_vkill_features": true,
    "use_vet_features": true,
    "use_resource_float_features": true,
    "hidden_sizes": [
      256,
      128
    ],
    "dropout": 0.2,
    "epochs": 20,
    "batch_size": 512,
    "lr": 0.001,
    "weight_decay": 0.0001,
    "seed": 42,
    "test_size": 0.2,
    "device": "cuda"
  }
}