{
  "race_id": 1,
  "feature_cols": [
    "gt_min",
    "dmg_per_min",
    "ekills_per_min",
    "edeaths_per_min",
    "pcap_per_min",
    "plost_per_min",
    "cap_pressure_per_min",
    "cap_eff",
    "fuelearn_per_min",
    "manearn_per_min",
    "munearn_per_min",
    "sqprod_per_min",
    "sqlost_per_min",
    "sqkilled_per_min",
    "man_spend_ratio",
    "mun_spend_ratio",
    "fuel_spend_ratio",
    "trade_eff_kd",
    "dmg_per_kill",
    "dmg_per_death",
    "dmg_per_man",
    "kills_per_man",
    "dmg_per_fuel",
    "squad_loss_ratio",
    "squad_net_ratio",
    "utypes",
    "upg",
    "abil",
    "cabil",
    "bprod",
    "blost",
    "vkill_per_min",
    "vlost_per_min",
    "vkill_per_fuel",
    "vloss_per_fuel",
    "man_float_ratio",
    "mun_float_ratio",
    "fuel_float_ratio",
    "svetxp_per_min",
    "vvetxp_per_min",
    "svetrank",
    "vvetrank"
  ],
  "scaler_mean": [
    24.092620849609375,
    596.1129760742188,
    2.8028061389923096,
    3.595048427581787,
    0.6272634863853455,
    0.40936368703842163,
    1.0366277694702148,
    0.5572298169136047,
    23.023820877075195,
    241.53717041015625,
    36.927337646484375,
    0.5599262118339539,
    0.24636757373809814,
    0.25073954463005066,
    0.9770901799201965,
    0.7088422179222107,
    0.7075259685516357,
    0.9210093021392822,
    218.96336364746094,
    179.4709014892578,
    2.567674160003662,
    0.011918965727090836,
    54.68574142456055,
    0.4469834566116333,
    0.4596589505672455,
    7.397368431091309,
    5.490058422088623,
    61.60877227783203,
    3.7780702114105225,
    18.914913177490234,
    1.9587719440460205,
    0.12941034138202667,
    0.13134704530239105,
    0.009601402096450329,
    0.01033080741763115,
    0.1785839945077896,
    0.38806861639022827,
    0.4895057678222656,
    173.0970916748047,
    225.3082275390625,
    4.811110973358154,
    9.615789413452148
  ],
  "scaler_std": [
    14.158556938171387,
    282.5410461425781,
    1.1741056442260742,
    1.372763991355896,
    0.5068715214729309,
    0.3648514151573181,
    0.8384518027305603,
    0.09052030742168427,
    5.554748058319092,
    20.31187629699707,
    8.051387786865234,
    0.188619926571846,
    0.18120498955249786,
    0.2091352790594101,
    0.08814408630132675,
    0.2488470822572708,
    0.2533046305179596,
    0.755924642086029,
    95.38139343261719,
    104.1773452758789,
    1.4063327312469482,
    0.005463634617626667,
    129.63912963867188,
    0.33370086550712585,
    0.3099519610404968,
    2.939007043838501,
    3.1182756423950195,
    72.5271987915039,
    3.9248151779174805,
    6.092026710510254,
    2.9633686542510986,
    0.12416968494653702,
    0.1172938123345375,
    0.033155035227537155,
    0.025533657521009445,
    0.11012876778841019,
    0.21576593816280365,
    0.2708659768104553,
    161.8168182373047,
    115.12741088867188,
    5.067004203796387,
    6.26777982711792
  ],
  "history": [
    {
      "epoch": 1,
      "auc": 0.9182824876135652,
      "acc": 0.8362573099415205,
      "f1": 0.825
    },
    {
      "epoch": 2,
      "auc": 0.9340030979819175,
      "acc": 0.8526315789473684,
      "f1": 0.8448275862068966
    },
    {
      "epoch": 3,
      "auc": 0.9359365902424555,
      "acc": 0.8596491228070176,
      "f1": 0.8536585365853658
    },
    {
      "epoch": 4,
      "auc": 0.9419018532962747,
      "acc": 0.8608187134502924,
      "f1": 0.8550548112058465
    },
    {
      "epoch": 5,
      "auc": 0.9451481428587123,
      "acc": 0.8654970760233918,
      "f1": 0.8560700876095119
    },
    {
      "epoch": 6,
      "auc": 0.9511024201610512,
      "acc": 0.8748538011695907,
      "f1": 0.8680641183723797
    },
    {
      "epoch": 7,
      "auc": 0.9530194337943687,
      "acc": 0.8818713450292398,
      "f1": 0.8748451053283767
    },
    {
      "epoch": 8,
      "auc": 0.9543157524690477,
      "acc": 0.8842105263157894,
      "f1": 0.8776266996291718
    },
    {
      "epoch": 9,
      "auc": 0.9561064299603415,
      "acc": 0.8853801169590644,
      "f1": 0.8775
    },
    {
      "epoch": 10,
      "auc": 0.95672712491898,
      "acc": 0.8888888888888888,
      "f1": 0.8822800495662949
    },
    {
      "epoch": 11,
      "auc": 0.9577103496764696,
      "acc": 0.8900584795321638,
      "f1": 0.8833746898263027
    },
    {
      "epoch": 12,
      "auc": 0.9581387939842025,
      "acc": 0.8865497076023392,
      "f1": 0.8789013732833958
    },
    {
      "epoch": 13,
      "auc": 0.9587375174398803,
      "acc": 0.887719298245614,
      "f1": 0.8811881188118812
    },
    {
      "epoch": 14,
      "auc": 0.95905610423281,
      "acc": 0.887719298245614,
      "f1": 0.8796992481203008
    },
    {
      "epoch": 15,
      "auc": 0.959154975996133,
      "acc": 0.8842105263157894,
      "f1": 0.8773234200743495
    },
    {
      "epoch": 16,
      "auc": 0.9596493348127478,
      "acc": 0.8865497076023392,
      "f1": 0.8782936010037641
    },
    {
      "epoch": 17,
      "auc": 0.9604842519252529,
      "acc": 0.8888888888888888,
      "f1": 0.8813982521847691
    },
    {
      "epoch": 18,
      "auc": 0.9611598756412932,
      "acc": 0.887719298245614,
      "f1": 0.8787878787878788
    },
    {
      "epoch": 19,
      "auc": 0.9586606171795181,
      "acc": 0.8807017543859649,
      "f1": 0.8740740740740741
    },
    {
      "epoch": 20,
      "auc": 0.9601821437595439,
      "acc": 0.8842105263157894,
      "f1": 0.8748419721871049
    }
  ],
  "best_auc": 0.9611598756412932,
  "config": {
    "data_glob": "data/players/*.jsonl",
    "out_dir": "models/task2_calib",
    "min_gt_min": 3.0,
    "use_vkill_features": true,
    "use_vet_features": true,
    "use_resource_float_features": true,
    "hidden_sizes": [
      256,
      128
    ],
    "dropout": 0.2,
    "epochs": 20,
    "batch_size": 512,
    "lr": 0.001,
    "weight_decay": 0.0001,
    "seed": 42,
    "test_size": 0.2,
    "device": "cuda"
  }
}