{
  "race_id": 4,
  "feature_cols": [
    "gt_min",
    "dmg_per_min",
    "ekills_per_min",
    "edeaths_per_min",
    "pcap_per_min",
    "plost_per_min",
    "cap_pressure_per_min",
    "cap_eff",
    "fuelearn_per_min",
    "manearn_per_min",
    "munearn_per_min",
    "sqprod_per_min",
    "sqlost_per_min",
    "sqkilled_per_min",
    "man_spend_ratio",
    "mun_spend_ratio",
    "fuel_spend_ratio",
    "trade_eff_kd",
    "dmg_per_kill",
    "dmg_per_death",
    "dmg_per_man",
    "kills_per_man",
    "dmg_per_fuel",
    "squad_loss_ratio",
    "squad_net_ratio",
    "utypes",
    "upg",
    "abil",
    "cabil",
    "bprod",
    "blost",
    "vkill_per_min",
    "vlost_per_min",
    "vkill_per_fuel",
    "vloss_per_fuel",
    "man_float_ratio",
    "mun_float_ratio",
    "fuel_float_ratio",
    "svetxp_per_min",
    "vvetxp_per_min",
    "svetrank",
    "vvetrank"
  ],
  "scaler_mean": [
    23.270849227905273,
    590.2098388671875,
    2.6784491539001465,
    2.5105037689208984,
    0.5620052218437195,
    0.3473820984363556,
    0.9093878269195557,
    0.5616256594657898,
    23.547800064086914,
    242.5551300048828,
    37.440128326416016,
    0.549042820930481,
    0.2503749430179596,
    0.25683829188346863,
    0.9645035862922668,
    0.7148251533508301,
    0.7215173840522766,
    1.332911729812622,
    224.86927795410156,
    265.0254211425781,
    2.5256106853485107,
    0.011297839693725109,
    42.817691802978516,
    0.4746786057949066,
    0.4262789785861969,
    8.296920776367188,
    8.530792236328125,
    72.11253356933594,
    3.649193525314331,
    11.822580337524414,
    1.6264662742614746,
    0.1337958574295044,
    0.09968110173940659,
    0.00861644558608532,
    0.008070726878941059,
    0.18109241127967834,
    0.39013171195983887,
    0.4679364860057831,
    125.49136352539062,
    247.2022705078125,
    2.7030792236328125,
    10.03555679321289
  ],
  "scaler_std": [
    13.976936340332031,
    283.2700500488281,
    1.0571037530899048,
    1.0369080305099487,
    0.4968874454498291,
    0.3545278310775757,
    0.8150080442428589,
    0.09870436787605286,
    5.262287139892578,
    19.325519561767578,
    7.75596284866333,
    0.19918569922447205,
    0.17389824986457825,
    0.20579376816749573,
    0.09038209170103073,
    0.25249630212783813,
    0.2223747968673706,
    1.4391224384307861,
    100.60013580322266,
    202.24374389648438,
    1.3986296653747559,
    0.004898448009043932,
    68.3864974975586,
    0.3432180881500244,
    0.32161352038383484,
    3.1090376377105713,
    4.771902084350586,
    82.79438018798828,
    3.2155723571777344,
    4.357981204986572,
    2.2913382053375244,
    0.12125514447689056,
    0.09131614863872528,
    0.028533577919006348,
    0.045040614902973175,
    0.10581652075052261,
    0.22182653844356537,
    0.23335334658622742,
    136.57566833496094,
    127.56903839111328,
    3.3848464488983154,
    7.021373748779297
  ],
  "history": [
    {
      "epoch": 1,
      "auc": 0.9250190219270942,
      "acc": 0.8636363636363636,
      "f1": 0.8584474885844748
    },
    {
      "epoch": 2,
      "auc": 0.9307428927163311,
      "acc": 0.8636363636363636,
      "f1": 0.8562596599690881
    },
    {
      "epoch": 3,
      "auc": 0.9358917825274954,
      "acc": 0.8724340175953079,
      "f1": 0.8634222919937206
    },
    {
      "epoch": 4,
      "auc": 0.9408158677457287,
      "acc": 0.875366568914956,
      "f1": 0.8661417322834646
    },
    {
      "epoch": 5,
      "auc": 0.9477934564570796,
      "acc": 0.8782991202346041,
      "f1": 0.8709175738724728
    },
    {
      "epoch": 6,
      "auc": 0.9537680708307394,
      "acc": 0.8856304985337243,
      "f1": 0.8792569659442725
    },
    {
      "epoch": 7,
      "auc": 0.9593449540015218,
      "acc": 0.8988269794721407,
      "f1": 0.890302066772655
    },
    {
      "epoch": 8,
      "auc": 0.9635816559452168,
      "acc": 0.9002932551319648,
      "f1": 0.8920634920634921
    },
    {
      "epoch": 9,
      "auc": 0.9655357266376151,
      "acc": 0.9017595307917888,
      "f1": 0.8928
    },
    {
      "epoch": 10,
      "auc": 0.966279311060386,
      "acc": 0.8958944281524927,
      "f1": 0.8892355694227769
    },
    {
      "epoch": 11,
      "auc": 0.9661496161029259,
      "acc": 0.9017595307917888,
      "f1": 0.8931419457735247
    },
    {
      "epoch": 12,
      "auc": 0.967074773466141,
      "acc": 0.9017595307917888,
      "f1": 0.8938193343898574
    },
    {
      "epoch": 13,
      "auc": 0.9672304074150929,
      "acc": 0.9032258064516129,
      "f1": 0.8958990536277602
    },
    {
      "epoch": 14,
      "auc": 0.9679566991768693,
      "acc": 0.906158357771261,
      "f1": 0.8971061093247589
    },
    {
      "epoch": 15,
      "auc": 0.9677318945839385,
      "acc": 0.9032258064516129,
      "f1": 0.8962264150943396
    },
    {
      "epoch": 16,
      "auc": 0.968639759286159,
      "acc": 0.9002932551319648,
      "f1": 0.89171974522293
    },
    {
      "epoch": 17,
      "auc": 0.9682333817527841,
      "acc": 0.9046920821114369,
      "f1": 0.8966613672496025
    },
    {
      "epoch": 18,
      "auc": 0.9681901501002973,
      "acc": 0.9032258064516129,
      "f1": 0.8949044585987261
    },
    {
      "epoch": 19,
      "auc": 0.9684581863457149,
      "acc": 0.9002932551319648,
      "f1": 0.8906752411575563
    },
    {
      "epoch": 20,
      "auc": 0.9683198450577575,
      "acc": 0.9046920821114369,
      "f1": 0.896
    }
  ],
  "best_auc": 0.968639759286159,
  "config": {
    "data_glob": "data/players/*.jsonl",
    "out_dir": "models/task2_calib",
    "min_gt_min": 3.0,
    "use_vkill_features": true,
    "use_vet_features": true,
    "use_resource_float_features": true,
    "hidden_sizes": [
      256,
      128
    ],
    "dropout": 0.2,
    "epochs": 20,
    "batch_size": 512,
    "lr": 0.001,
    "weight_decay": 0.0001,
    "seed": 42,
    "test_size": 0.2,
    "device": "cuda"
  }
}