{
  "race_id": 3,
  "feature_cols": [
    "gt_min",
    "dmg_per_min",
    "ekills_per_min",
    "edeaths_per_min",
    "pcap_per_min",
    "plost_per_min",
    "cap_pressure_per_min",
    "cap_eff",
    "fuelearn_per_min",
    "manearn_per_min",
    "munearn_per_min",
    "sqprod_per_min",
    "sqlost_per_min",
    "sqkilled_per_min",
    "man_spend_ratio",
    "mun_spend_ratio",
    "fuel_spend_ratio",
    "trade_eff_kd",
    "dmg_per_kill",
    "dmg_per_death",
    "dmg_per_man",
    "kills_per_man",
    "dmg_per_fuel",
    "squad_loss_ratio",
    "squad_net_ratio",
    "utypes",
    "upg",
    "abil",
    "cabil",
    "bprod",
    "blost",
    "vkill_per_min",
    "vlost_per_min",
    "vkill_per_fuel",
    "vloss_per_fuel",
    "man_float_ratio",
    "mun_float_ratio",
    "fuel_float_ratio",
    "svetxp_per_min",
    "vvetxp_per_min",
    "svetrank",
    "vvetrank"
  ],
  "scaler_mean": [
    23.690505981445312,
    621.6090698242188,
    2.782877206802368,
    3.4177603721618652,
    0.6034607291221619,
    0.3789471387863159,
    0.9824073910713196,
    0.5649650692939758,
    23.629356384277344,
    239.05674743652344,
    37.91366958618164,
    0.6415066719055176,
    0.3151637613773346,
    0.25333523750305176,
    0.9788904190063477,
    0.6963171362876892,
    0.7622427940368652,
    0.9845406413078308,
    228.55165100097656,
    197.95420837402344,
    2.7006959915161133,
    0.011915845796465874,
    45.11338424682617,
    0.5162246227264404,
    0.40152209997177124,
    11.516822814941406,
    6.476168155670166,
    74.00279998779297,
    3.6102802753448486,
    15.330373764038086,
    3.5037384033203125,
    0.12813976407051086,
    0.1218598261475563,
    0.007927408441901207,
    0.0075823660008609295,
    0.17815525829792023,
    0.41478976607322693,
    0.40987297892570496,
    154.30889892578125,
    277.1723327636719,
    3.7757010459899902,
    10.923364639282227
  ],
  "scaler_std": [
    13.764793395996094,
    289.8744812011719,
    1.0940024852752686,
    1.2704503536224365,
    0.5113641619682312,
    0.35732501745224,
    0.8321816325187683,
    0.08925718069076538,
    5.273894309997559,
    19.84935760498047,
    7.556591510772705,
    0.19782257080078125,
    0.2326887995004654,
    0.20192641019821167,
    0.08576509356498718,
    0.26016780734062195,
    0.1862497180700302,
    1.4987492561340332,
    100.51824188232422,
    151.69944763183594,
    1.461382508277893,
    0.005122121889144182,
    230.363037109375,
    0.39651113748550415,
    0.376137375831604,
    3.4869909286499023,
    2.9615728855133057,
    83.24591064453125,
    3.3898630142211914,
    3.7958006858825684,
    15.327762603759766,
    0.11494661122560501,
    0.10845930874347687,
    0.043749190866947174,
    0.023882484063506126,
    0.09848879277706146,
    0.22550614178180695,
    0.19874384999275208,
    159.22129821777344,
    123.60201263427734,
    4.454570293426514,
    6.633238792419434
  ],
  "history": [
    {
      "epoch": 1,
      "auc": 0.9101517734857589,
      "acc": 0.8280373831775701,
      "f1": 0.8345323741007195
    },
    {
      "epoch": 2,
      "auc": 0.9272297844984206,
      "acc": 0.8579439252336448,
      "f1": 0.8597785977859779
    },
    {
      "epoch": 3,
      "auc": 0.9340777594543981,
      "acc": 0.8654205607476636,
      "f1": 0.8625954198473282
    },
    {
      "epoch": 4,
      "auc": 0.9377253542778881,
      "acc": 0.874766355140187,
      "f1": 0.8714011516314779
    },
    {
      "epoch": 5,
      "auc": 0.9422114766470078,
      "acc": 0.8728971962616823,
      "f1": 0.8726591760299626
    },
    {
      "epoch": 6,
      "auc": 0.9446432065293345,
      "acc": 0.8822429906542056,
      "f1": 0.8809073724007561
    },
    {
      "epoch": 7,
      "auc": 0.9465298935070017,
      "acc": 0.8878504672897196,
      "f1": 0.8837209302325582
    },
    {
      "epoch": 8,
      "auc": 0.9476479302345081,
      "acc": 0.891588785046729,
      "f1": 0.8888888888888888
    },
    {
      "epoch": 9,
      "auc": 0.9481230958436985,
      "acc": 0.8953271028037383,
      "f1": 0.8947368421052632
    },
    {
      "epoch": 10,
      "auc": 0.949073427062079,
      "acc": 0.8897196261682243,
      "f1": 0.887189292543021
    },
    {
      "epoch": 11,
      "auc": 0.9489616233893284,
      "acc": 0.8822429906542056,
      "f1": 0.8795411089866156
    },
    {
      "epoch": 12,
      "auc": 0.9498420773122398,
      "acc": 0.8897196261682243,
      "f1": 0.888468809073724
    },
    {
      "epoch": 13,
      "auc": 0.9498420773122397,
      "acc": 0.8953271028037383,
      "f1": 0.8955223880597015
    },
    {
      "epoch": 14,
      "auc": 0.9500936355759287,
      "acc": 0.8878504672897196,
      "f1": 0.8872180451127819
    },
    {
      "epoch": 15,
      "auc": 0.9506526539396819,
      "acc": 0.8859813084112149,
      "f1": 0.8838095238095238
    },
    {
      "epoch": 16,
      "auc": 0.9504989238896497,
      "acc": 0.8878504672897196,
      "f1": 0.8872180451127819
    },
    {
      "epoch": 17,
      "auc": 0.950806383989714,
      "acc": 0.891588785046729,
      "f1": 0.8921933085501859
    },
    {
      "epoch": 18,
      "auc": 0.9504709729714621,
      "acc": 0.8822429906542056,
      "f1": 0.8835489833641405
    },
    {
      "epoch": 19,
      "auc": 0.9513514268943734,
      "acc": 0.8953271028037383,
      "f1": 0.8947368421052632
    },
    {
      "epoch": 20,
      "auc": 0.9520362243899712,
      "acc": 0.891588785046729,
      "f1": 0.8913857677902621
    }
  ],
  "best_auc": 0.9520362243899712,
  "config": {
    "data_glob": "data/players/*.jsonl",
    "out_dir": "models/task2_calib",
    "min_gt_min": 3.0,
    "use_vkill_features": true,
    "use_vet_features": true,
    "use_resource_float_features": true,
    "hidden_sizes": [
      256,
      128
    ],
    "dropout": 0.2,
    "epochs": 20,
    "batch_size": 512,
    "lr": 0.001,
    "weight_decay": 0.0001,
    "seed": 42,
    "test_size": 0.2,
    "device": "cuda"
  }
}