{
  "feature_keys": [
    "gt_min",
    "dmg_per_min",
    "ekills_per_min",
    "edeaths_per_min",
    "pcap_per_min",
    "plost_per_min",
    "fuelearn_per_min",
    "manearn_per_min",
    "munearn_per_min",
    "vkill_per_min",
    "vlost_per_min",
    "sqprod_per_min",
    "sqlost_per_min",
    "sqkilled_per_min",
    "cap_pressure_per_min",
    "cap_eff",
    "man_spend_ratio",
    "mun_spend_ratio",
    "fuel_spend_ratio",
    "trade_eff_kd",
    "dmg_per_kill",
    "dmg_per_death",
    "dmg_per_man",
    "kills_per_man",
    "dmg_per_fuel",
    "vkill_per_fuel",
    "vloss_per_fuel",
    "squad_loss_ratio",
    "cabil",
    "squad_net_ratio",
    "bprod",
    "man_float_ratio"
  ],
  "global_all": {
    "gt_min": 23.630702642746915,
    "dmg_per_min": 600.4285641566794,
    "ekills_per_min": 2.888110571314656,
    "edeaths_per_min": 3.040592583161161,
    "pcap_per_min": 0.6021916123578304,
    "plost_per_min": 0.378075883141735,
    "fuelearn_per_min": 23.76825160816264,
    "manearn_per_min": 241.87016799005767,
    "munearn_per_min": 37.62833071335697,
    "vkill_per_min": 0.12331000019315592,
    "vlost_per_min": 0.12314488271498017,
    "sqprod_per_min": 0.6062824117160077,
    "sqlost_per_min": 0.25637228445117777,
    "sqkilled_per_min": 0.2507640039381529,
    "cap_pressure_per_min": 0.9802674954995654,
    "cap_eff": 0.56245246905808,
    "man_spend_ratio": 0.970016174393818,
    "mun_spend_ratio": 0.7201250287104911,
    "fuel_spend_ratio": 0.7248561044488434,
    "trade_eff_kd": 1.1647213151083282,
    "dmg_per_kill": 214.74449886683627,
    "dmg_per_death": 219.25153629015776,
    "dmg_per_man": 2.5772458101613864,
    "kills_per_man": 0.01223212615850279,
    "dmg_per_fuel": 44.7320808956697,
    "vkill_per_fuel": 0.007918050647361938,
    "vloss_per_fuel": 0.009734257801036365,
    "squad_loss_ratio": 0.44328853749938957,
    "cabil": 3.0396412037037037,
    "squad_net_ratio": 0.4678803138521451,
    "bprod": 15.574990354938272,
    "man_float_ratio": 0.18220504806528467
  },
  "global_by_race": [
    {
      "race_id": 0,
      "gt_min": 23.31817627653471,
      "dmg_per_min": 581.8794724756733,
      "ekills_per_min": 3.000668739110985,
      "edeaths_per_min": 2.8039113758035117,
      "pcap_per_min": 0.5818873773057964,
      "plost_per_min": 0.35193572690114944,
      "fuelearn_per_min": 24.30516554987817,
      "manearn_per_min": 242.287237046675,
      "munearn_per_min": 37.859793439092996,
      "vkill_per_min": 0.11599985810064678,
      "vlost_per_min": 0.1275204878225557,
      "sqprod_per_min": 0.5981927306649419,
      "sqlost_per_min": 0.26956257846403603,
      "sqkilled_per_min": 0.24803927891545197,
      "cap_pressure_per_min": 0.9338231042069458,
      "cap_eff": 0.5667007602436763,
      "man_spend_ratio": 0.9824040314279502,
      "mun_spend_ratio": 0.735254510534003,
      "fuel_spend_ratio": 0.7349300653543488,
      "trade_eff_kd": 1.2983975737600069,
      "dmg_per_kill": 201.5436487293025,
      "dmg_per_death": 227.00509305124177,
      "dmg_per_man": 2.49059763786609,
      "kills_per_man": 0.01267522311155269,
      "dmg_per_fuel": 36.003592436886194,
      "vkill_per_fuel": 0.006705183853261844,
      "vloss_per_fuel": 0.008892361494571507,
      "squad_loss_ratio": 0.47075839246147905,
      "cabil": 2.6284423407917386,
      "squad_net_ratio": 0.43827951506228574,
      "bprod": 17.75645438898451,
      "man_float_ratio": 0.1862726276770393
    },
    {
      "race_id": 1,
      "gt_min": 24.10447953216374,
      "dmg_per_min": 598.140705739123,
      "ekills_per_min": 2.8146193656398664,
      "edeaths_per_min": 3.587769054445383,
      "pcap_per_min": 0.6224583726380011,
      "plost_per_min": 0.4070131606817195,
      "fuelearn_per_min": 23.072194901638124,
      "manearn_per_min": 241.34059248229164,
      "munearn_per_min": 36.98781145352428,
      "vkill_per_min": 0.12961755964898805,
      "vlost_per_min": 0.13060745168893034,
      "sqprod_per_min": 0.5591626444200468,
      "sqlost_per_min": 0.24554050813160713,
      "sqkilled_per_min": 0.2510348670659871,
      "cap_pressure_per_min": 1.0294715333197206,
      "cap_eff": 0.5578501127395732,
      "man_spend_ratio": 0.9770175770370136,
      "mun_spend_ratio": 0.7087173866568836,
      "fuel_spend_ratio": 0.7100764160316585,
      "trade_eff_kd": 0.9353313901180352,
      "dmg_per_kill": 218.31284856746458,
      "dmg_per_death": 181.26412136443665,
      "dmg_per_man": 2.578383013147785,
      "kills_per_man": 0.01197704895647911,
      "dmg_per_fuel": 53.724564172537306,
      "vkill_per_fuel": 0.009671884712608856,
      "vloss_per_fuel": 0.010095914816700049,
      "squad_loss_ratio": 0.44581705645707126,
      "cabil": 3.778713450292398,
      "squad_net_ratio": 0.46127968489196214,
      "bprod": 18.88608187134503,
      "man_float_ratio": 0.17774602149225774
    },
    {
      "race_id": 2,
      "gt_min": 23.691387337057726,
      "dmg_per_min": 612.303178884196,
      "ekills_per_min": 3.0396468385080637,
      "edeaths_per_min": 2.957751923673769,
      "pcap_per_min": 0.6270624831653496,
      "plost_per_min": 0.3950038178995944,
      "fuelearn_per_min": 24.09313493926346,
      "manearn_per_min": 242.80235388603418,
      "munearn_per_min": 37.934594296033325,
      "vkill_per_min": 0.11696793242781789,
      "vlost_per_min": 0.12780901081304874,
      "sqprod_per_min": 0.6663726993167853,
      "sqlost_per_min": 0.22821995493402927,
      "sqkilled_per_min": 0.24965562107816003,
      "cap_pressure_per_min": 1.022066301064944,
      "cap_eff": 0.5633407166803143,
      "man_spend_ratio": 0.9547127866217966,
      "mun_spend_ratio": 0.7309847065375988,
      "fuel_spend_ratio": 0.7138188237975457,
      "trade_eff_kd": 1.2308446389340908,
      "dmg_per_kill": 208.93801168030666,
      "dmg_per_death": 226.0946457662461,
      "dmg_per_man": 2.6150255754366225,
      "kills_per_man": 0.012824790151181849,
      "dmg_per_fuel": 45.703400785205815,
      "vkill_per_fuel": 0.007347516806568392,
      "vloss_per_fuel": 0.011440313204162627,
      "squad_loss_ratio": 0.3627663903116477,
      "cabil": 2.201117318435754,
      "squad_net_ratio": 0.5565725832569923,
      "bprod": 13.742143854748603,
      "man_float_ratio": 0.18357335663130017
    },
    {
      "race_id": 3,
      "gt_min": 23.72251090342679,
      "dmg_per_min": 622.4622256382561,
      "ekills_per_min": 2.778994065080725,
      "edeaths_per_min": 3.4226224136393197,
      "pcap_per_min": 0.606992110220336,
      "plost_per_min": 0.38067998910070283,
      "fuelearn_per_min": 23.567937741009697,
      "manearn_per_min": 239.03947760120516,
      "munearn_per_min": 37.88612623371606,
      "vkill_per_min": 0.12967422199118037,
      "vlost_per_min": 0.12316038435177164,
      "sqprod_per_min": 0.6421605310378318,
      "sqlost_per_min": 0.3172496318797747,
      "sqkilled_per_min": 0.2559371395158681,
      "cap_pressure_per_min": 0.9876720993210388,
      "cap_eff": 0.5649142196258481,
      "man_spend_ratio": 0.9787693914408971,
      "mun_spend_ratio": 0.6951502952944767,
      "fuel_spend_ratio": 0.7601986520310743,
      "trade_eff_kd": 0.9756037404138519,
      "dmg_per_kill": 229.34448926560077,
      "dmg_per_death": 196.83541388080678,
      "dmg_per_man": 2.706753173879188,
      "kills_per_man": 0.011906911588754782,
      "dmg_per_fuel": 44.97931528005959,
      "vkill_per_fuel": 0.007893135520700423,
      "vloss_per_fuel": 0.008303500003811309,
      "squad_loss_ratio": 0.5201864053660873,
      "cabil": 3.634766355140187,
      "squad_net_ratio": 0.39709692975282884,
      "bprod": 15.263177570093458,
      "man_float_ratio": 0.1797299480249651
    },
    {
      "race_id": 4,
      "gt_min": 23.288778103616814,
      "dmg_per_min": 591.3490730264557,
      "ekills_per_min": 2.6578734616472994,
      "edeaths_per_min": 2.516691216027144,
      "pcap_per_min": 0.5589165403802501,
      "plost_per_min": 0.34695077786007833,